areaCode,areaName,areaType,date,cumDailyNoDeathsByDeathDate,hospitalCases,newCasesBySpecimenDate
E92000001,England,nation,2021-12-09,,6130.0,
E92000001,England,nation,2021-12-08,,6053.0,10154.0
E92000001,England,nation,2021-12-07,,6027.0,35127.0
E92000001,England,nation,2021-12-06,,5992.0,45753.0
E92000001,England,nation,2021-12-05,,5903.0,33513.0
E92000001,England,nation,2021-12-04,,5784.0,32018.0
E92000001,England,nation,2021-12-03,,5851.0,37937.0
E92000001,England,nation,2021-12-02,,5915.0,41793.0
E92000001,England,nation,2021-12-01,,5829.0,45884.0
E92000001,England,nation,2021-11-30,,6123.0,46380.0
E92000001,England,nation,2021-11-29,,6094.0,46556.0
E92000001,England,nation,2021-11-28,,5890.0,33018.0
E92000001,England,nation,2021-11-27,,5852.0,27764.0
E92000001,England,nation,2021-11-26,,5992.0,32856.0
E92000001,England,nation,2021-11-25,,6068.0,36215.0
E92000001,England,nation,2021-11-24,,6062.0,38887.0
E92000001,England,nation,2021-11-23,,6257.0,40076.0
E92000001,England,nation,2021-11-22,,6424.0,41895.0
E92000001,England,nation,2021-11-21,,6322.0,31040.0
E92000001,England,nation,2021-11-20,,6191.0,29209.0
E92000001,England,nation,2021-11-19,,6310.0,32461.0
E92000001,England,nation,2021-11-18,,6336.0,36227.0
E92000001,England,nation,2021-11-17,,6412.0,37422.0
E92000001,England,nation,2021-11-16,,6623.0,37682.0
E92000001,England,nation,2021-11-15,,6864.0,41520.0
E92000001,England,nation,2021-11-14,,6707.0,28906.0
E92000001,England,nation,2021-11-13,,6639.0,26799.0
E92000001,England,nation,2021-11-12,,6777.0,30563.0
E92000001,England,nation,2021-11-11,,6861.0,32901.0
E92000001,England,nation,2021-11-10,,6961.0,34559.0
E92000001,England,nation,2021-11-09,,7053.0,33885.0
E92000001,England,nation,2021-11-08,,7075.0,35284.0
E92000001,England,nation,2021-11-07,,6910.0,24879.0
E92000001,England,nation,2021-11-06,,6874.0,22059.0
E92000001,England,nation,2021-11-05,,7072.0,23833.0
E92000001,England,nation,2021-11-04,,7201.0,26073.0
E92000001,England,nation,2021-11-03,,7291.0,28426.0
E92000001,England,nation,2021-11-02,,7510.0,30418.0
E92000001,England,nation,2021-11-01,,7535.0,36747.0
E92000001,England,nation,2021-10-31,,7311.0,28899.0
E92000001,England,nation,2021-10-30,,7155.0,27683.0
E92000001,England,nation,2021-10-29,,7113.0,33264.0
E92000001,England,nation,2021-10-28,,7019.0,34355.0
E92000001,England,nation,2021-10-27,,6951.0,35766.0
E92000001,England,nation,2021-10-26,,6883.0,34548.0
E92000001,England,nation,2021-10-25,,6801.0,39130.0
E92000001,England,nation,2021-10-24,,6515.0,29488.0
E92000001,England,nation,2021-10-23,,6386.0,29177.0
E92000001,England,nation,2021-10-22,,6405.0,33803.0
E92000001,England,nation,2021-10-21,,6366.0,37789.0
E92000001,England,nation,2021-10-20,,6299.0,43111.0
E92000001,England,nation,2021-10-19,,6099.0,43694.0
E92000001,England,nation,2021-10-18,,5938.0,48246.0
E92000001,England,nation,2021-10-17,,5623.0,36772.0
E92000001,England,nation,2021-10-16,,5385.0,31036.0
E92000001,England,nation,2021-10-15,,5363.0,35919.0
E92000001,England,nation,2021-10-14,,5289.0,38467.0
E92000001,England,nation,2021-10-13,,5246.0,39759.0
E92000001,England,nation,2021-10-12,,5213.0,40064.0
E92000001,England,nation,2021-10-11,,5206.0,42281.0
E92000001,England,nation,2021-10-10,,5077.0,30923.0
E92000001,England,nation,2021-10-09,,4921.0,26602.0
E92000001,England,nation,2021-10-08,,4975.0,29265.0
E92000001,England,nation,2021-10-07,,4962.0,31565.0
E92000001,England,nation,2021-10-06,,5009.0,31917.0
E92000001,England,nation,2021-10-05,,5006.0,31593.0
E92000001,England,nation,2021-10-04,,4909.0,35789.0
E92000001,England,nation,2021-10-03,,4778.0,26627.0
E92000001,England,nation,2021-10-02,,4652.0,21442.0
E92000001,England,nation,2021-10-01,,4799.0,23671.0
E92000001,England,nation,2021-09-30,,4916.0,26247.0
E92000001,England,nation,2021-09-29,,5017.0,28141.0
E92000001,England,nation,2021-09-28,,5126.0,29022.0
E92000001,England,nation,2021-09-27,,5121.0,33901.0
E92000001,England,nation,2021-09-26,,4949.0,26269.0
E92000001,England,nation,2021-09-25,,5100.0,22658.0
E92000001,England,nation,2021-09-24,,5036.0,25221.0
E92000001,England,nation,2021-09-23,,5214.0,27715.0
E92000001,England,nation,2021-09-22,,5406.0,28188.0
E92000001,England,nation,2021-09-21,,5543.0,29952.0
E92000001,England,nation,2021-09-20,,5727.0,31457.0
E92000001,England,nation,2021-09-19,,5695.0,24263.0
E92000001,England,nation,2021-09-18,,5688.0,20521.0
E92000001,England,nation,2021-09-17,,5910.0,21914.0
E92000001,England,nation,2021-09-16,,6081.0,21733.0
E92000001,England,nation,2021-09-15,,6306.0,21956.0
E92000001,England,nation,2021-09-14,,6344.0,22143.0
E92000001,England,nation,2021-09-13,,6424.0,24639.0
E92000001,England,nation,2021-09-12,,6253.0,17510.0
E92000001,England,nation,2021-09-11,,6206.0,16605.0
E92000001,England,nation,2021-09-10,,6400.0,20531.0
E92000001,England,nation,2021-09-09,,6254.0,23905.0
E92000001,England,nation,2021-09-08,,6302.0,25062.0
E92000001,England,nation,2021-09-07,,6244.0,27347.0
E92000001,England,nation,2021-09-06,,6375.0,32373.0
E92000001,England,nation,2021-09-05,,6167.0,22975.0
E92000001,England,nation,2021-09-04,,6043.0,22965.0
E92000001,England,nation,2021-09-03,,6195.0,28112.0
E92000001,England,nation,2021-09-02,,6186.0,29979.0
E92000001,England,nation,2021-09-01,,6236.0,30937.0
E92000001,England,nation,2021-08-31,,6293.0,32854.0
E92000001,England,nation,2021-08-30,,6002.0,24400.0
E92000001,England,nation,2021-08-29,,5855.0,18738.0
E92000001,England,nation,2021-08-28,,5756.0,19693.0
E92000001,England,nation,2021-08-27,,5889.0,23713.0
E92000001,England,nation,2021-08-26,,5893.0,25897.0
E92000001,England,nation,2021-08-25,,5922.0,27254.0
E92000001,England,nation,2021-08-24,,5911.0,27552.0
E92000001,England,nation,2021-08-23,,6000.0,29666.0
E92000001,England,nation,2021-08-22,,5749.0,21957.0
E92000001,England,nation,2021-08-21,,5575.0,22146.0
E92000001,England,nation,2021-08-20,,5576.0,25008.0
E92000001,England,nation,2021-08-19,,5554.0,28397.0
E92000001,England,nation,2021-08-18,,5514.0,30694.0
E92000001,England,nation,2021-08-17,,5437.0,30334.0
E92000001,England,nation,2021-08-16,,5429.0,30154.0
E92000001,England,nation,2021-08-15,,5115.0,20838.0
E92000001,England,nation,2021-08-14,,4973.0,20920.0
E92000001,England,nation,2021-08-13,,5076.0,24466.0
E92000001,England,nation,2021-08-12,,5029.0,27071.0
E92000001,England,nation,2021-08-11,,5073.0,28492.0
E92000001,England,nation,2021-08-10,,5096.0,26983.0
E92000001,England,nation,2021-08-09,,5098.0,27629.0
E92000001,England,nation,2021-08-08,,4939.0,19707.0
E92000001,England,nation,2021-08-07,,4817.0,19506.0
E92000001,England,nation,2021-08-06,,4879.0,24298.0
E92000001,England,nation,2021-08-05,,4894.0,27512.0
E92000001,England,nation,2021-08-04,,4944.0,28244.0
E92000001,England,nation,2021-08-03,,5116.0,26414.0
E92000001,England,nation,2021-08-02,,5309.0,25977.0
E92000001,England,nation,2021-08-01,,5090.0,18220.0
E92000001,England,nation,2021-07-31,,5057.0,18005.0
E92000001,England,nation,2021-07-30,,5111.0,21586.0
E92000001,England,nation,2021-07-29,,5056.0,24792.0
E92000001,England,nation,2021-07-28,,5182.0,26345.0
E92000001,England,nation,2021-07-27,,5163.0,25436.0
E92000001,England,nation,2021-07-26,,5055.0,25927.0
E92000001,England,nation,2021-07-25,,4725.0,19234.0
E92000001,England,nation,2021-07-24,,4476.0,19845.0
E92000001,England,nation,2021-07-23,,4401.0,24011.0
E92000001,England,nation,2021-07-22,,4230.0,27169.0
E92000001,England,nation,2021-07-21,,4063.0,31046.0
E92000001,England,nation,2021-07-20,,3894.0,35119.0
E92000001,England,nation,2021-07-19,,3813.0,42439.0
E92000001,England,nation,2021-07-18,,3546.0,32495.0
E92000001,England,nation,2021-07-17,,3442.0,34638.0
E92000001,England,nation,2021-07-16,,3367.0,50133.0
E92000001,England,nation,2021-07-15,,3241.0,56370.0
E92000001,England,nation,2021-07-14,,3110.0,49282.0
E92000001,England,nation,2021-07-13,,2970.0,42309.0
E92000001,England,nation,2021-07-12,,2798.0,39640.0
E92000001,England,nation,2021-07-11,,2564.0,26939.0
E92000001,England,nation,2021-07-10,,2429.0,24925.0
E92000001,England,nation,2021-07-09,,2352.0,28459.0
E92000001,England,nation,2021-07-08,,2209.0,29278.0
E92000001,England,nation,2021-07-07,,2144.0,33513.0
E92000001,England,nation,2021-07-06,,1998.0,30964.0
E92000001,England,nation,2021-07-05,,1888.0,29528.0
E92000001,England,nation,2021-07-04,,1744.0,21321.0
E92000001,England,nation,2021-07-03,,1636.0,20205.0
E92000001,England,nation,2021-07-02,,1611.0,21742.0
E92000001,England,nation,2021-07-01,,1560.0,23614.0
E92000001,England,nation,2021-06-30,,1500.0,23402.0
E92000001,England,nation,2021-06-29,,1445.0,22676.0
E92000001,England,nation,2021-06-28,,1465.0,22880.0
E92000001,England,nation,2021-06-27,,1331.0,15043.0
E92000001,England,nation,2021-06-26,,1276.0,13181.0
E92000001,England,nation,2021-06-25,,1284.0,14518.0
E92000001,England,nation,2021-06-24,,1274.0,14709.0
E92000001,England,nation,2021-06-23,,1255.0,14397.0
E92000001,England,nation,2021-06-22,,1301.0,13217.0
E92000001,England,nation,2021-06-21,,1290.0,12406.0
E92000001,England,nation,2021-06-20,,1168.0,8009.0
E92000001,England,nation,2021-06-19,,1143.0,6940.0
E92000001,England,nation,2021-06-18,,1170.0,8506.0
E92000001,England,nation,2021-06-17,,1122.0,9200.0
E92000001,England,nation,2021-06-16,,1057.0,9155.0
E92000001,England,nation,2021-06-15,,1030.0,8867.0
E92000001,England,nation,2021-06-14,,993.0,8690.0
E92000001,England,nation,2021-06-13,,947.0,5909.0
E92000001,England,nation,2021-06-12,,915.0,5256.0
E92000001,England,nation,2021-06-11,,884.0,6337.0
E92000001,England,nation,2021-06-10,,906.0,6528.0
E92000001,England,nation,2021-06-09,,876.0,6719.0
E92000001,England,nation,2021-06-08,,879.0,6426.0
E92000001,England,nation,2021-06-07,,860.0,6595.0
E92000001,England,nation,2021-06-06,,807.0,4611.0
E92000001,England,nation,2021-06-05,,782.0,3861.0
E92000001,England,nation,2021-06-04,,805.0,4738.0
E92000001,England,nation,2021-06-03,,779.0,4973.0
E92000001,England,nation,2021-06-02,,801.0,4920.0
E92000001,England,nation,2021-06-01,,776.0,4334.0
E92000001,England,nation,2021-05-31,,773.0,3064.0
E92000001,England,nation,2021-05-30,,755.0,2532.0
E92000001,England,nation,2021-05-29,,748.0,2392.0
E92000001,England,nation,2021-05-28,,743.0,2826.0
E92000001,England,nation,2021-05-27,,742.0,2962.0
E92000001,England,nation,2021-05-26,,745.0,3068.0
E92000001,England,nation,2021-05-25,,765.0,2690.0
E92000001,England,nation,2021-05-24,,797.0,2618.0
E92000001,England,nation,2021-05-23,,756.0,1842.0
E92000001,England,nation,2021-05-22,,730.0,1536.0
E92000001,England,nation,2021-05-21,,766.0,1799.0
E92000001,England,nation,2021-05-20,,749.0,1914.0
E92000001,England,nation,2021-05-19,,757.0,2172.0
E92000001,England,nation,2021-05-18,,749.0,2140.0
E92000001,England,nation,2021-05-17,,798.0,2243.0
E92000001,England,nation,2021-05-16,,801.0,1521.0
E92000001,England,nation,2021-05-15,,810.0,1260.0
E92000001,England,nation,2021-05-14,,818.0,1457.0
E92000001,England,nation,2021-05-13,,845.0,1656.0
E92000001,England,nation,2021-05-12,,907.0,1768.0
E92000001,England,nation,2021-05-11,,921.0,1746.0
E92000001,England,nation,2021-05-10,,944.0,2175.0
E92000001,England,nation,2021-05-09,,933.0,1849.0
E92000001,England,nation,2021-05-08,,948.0,1203.0
E92000001,England,nation,2021-05-07,,973.0,1561.0
E92000001,England,nation,2021-05-06,,976.0,1808.0
E92000001,England,nation,2021-05-05,,1032.0,2041.0
E92000001,England,nation,2021-05-04,,1093.0,2044.0
E92000001,England,nation,2021-05-03,,1096.0,1695.0
E92000001,England,nation,2021-05-02,,1082.0,1215.0
E92000001,England,nation,2021-05-01,,1071.0,1129.0
E92000001,England,nation,2021-04-30,,1161.0,1412.0
E92000001,England,nation,2021-04-29,,1235.0,1763.0
E92000001,England,nation,2021-04-28,,1278.0,2018.0
E92000001,England,nation,2021-04-27,,1310.0,1693.0
E92000001,England,nation,2021-04-26,,1393.0,2093.0
E92000001,England,nation,2021-04-25,,1377.0,1775.0
E92000001,England,nation,2021-04-24,,1401.0,1202.0
E92000001,England,nation,2021-04-23,,1478.0,1580.0
E92000001,England,nation,2021-04-22,,1523.0,1884.0
E92000001,England,nation,2021-04-21,,1609.0,2128.0
E92000001,England,nation,2021-04-20,,1649.0,1942.0
E92000001,England,nation,2021-04-19,,1732.0,2128.0
E92000001,England,nation,2021-04-18,,1691.0,2129.0
E92000001,England,nation,2021-04-17,,1735.0,1308.0
E92000001,England,nation,2021-04-16,,1844.0,1810.0
E92000001,England,nation,2021-04-15,,1885.0,1804.0
E92000001,England,nation,2021-04-14,,1972.0,1945.0
E92000001,England,nation,2021-04-13,,2057.0,1908.0
E92000001,England,nation,2021-04-12,,2108.0,2235.0
E92000001,England,nation,2021-04-11,,2096.0,1902.0
E92000001,England,nation,2021-04-10,,2190.0,1888.0
E92000001,England,nation,2021-04-09,,2321.0,2314.0
E92000001,England,nation,2021-04-08,,2382.0,2481.0
E92000001,England,nation,2021-04-07,,2486.0,2590.0
E92000001,England,nation,2021-04-06,,2588.0,2565.0
E92000001,England,nation,2021-04-05,,2680.0,2190.0
E92000001,England,nation,2021-04-04,,2672.0,1923.0
E92000001,England,nation,2021-04-03,,2677.0,2013.0
E92000001,England,nation,2021-04-02,,2784.0,2128.0
E92000001,England,nation,2021-04-01,,2928.0,2866.0
E92000001,England,nation,2021-03-31,,3084.0,3148.0
E92000001,England,nation,2021-03-30,,3283.0,2956.0
E92000001,England,nation,2021-03-29,,3466.0,3197.0
E92000001,England,nation,2021-03-28,,3438.0,4102.0
E92000001,England,nation,2021-03-27,,3676.0,2946.0
E92000001,England,nation,2021-03-26,,3712.0,3628.0
E92000001,England,nation,2021-03-25,,3763.0,4451.0
E92000001,England,nation,2021-03-24,,4005.0,5116.0
E92000001,England,nation,2021-03-23,,4245.0,4346.0
E92000001,England,nation,2021-03-22,,4501.0,5149.0
E92000001,England,nation,2021-03-21,,4492.0,4518.0
E92000001,England,nation,2021-03-20,,4589.0,3371.0
E92000001,England,nation,2021-03-19,,4841.0,4142.0
E92000001,England,nation,2021-03-18,,5083.0,4526.0
E92000001,England,nation,2021-03-17,,5397.0,4850.0
E92000001,England,nation,2021-03-16,,5664.0,4743.0
E92000001,England,nation,2021-03-15,,5976.0,5442.0
E92000001,England,nation,2021-03-14,,6039.0,3586.0
E92000001,England,nation,2021-03-13,,6072.0,3456.0
E92000001,England,nation,2021-03-12,,6391.0,4622.0
E92000001,England,nation,2021-03-11,,6687.0,4690.0
E92000001,England,nation,2021-03-10,,6975.0,5013.0
E92000001,England,nation,2021-03-09,,7451.0,5220.0
E92000001,England,nation,2021-03-08,,7847.0,5571.0
E92000001,England,nation,2021-03-07,,7812.0,3543.0
E92000001,England,nation,2021-03-06,,8021.0,3708.0
E92000001,England,nation,2021-03-05,,8594.0,4552.0
E92000001,England,nation,2021-03-04,,9092.0,4799.0
E92000001,England,nation,2021-03-03,,9594.0,5104.0
E92000001,England,nation,2021-03-02,,10121.0,5685.0
E92000001,England,nation,2021-03-01,,10765.0,5891.0
E92000001,England,nation,2021-02-28,,10663.0,3958.0
E92000001,England,nation,2021-02-27,,11090.0,4104.0
E92000001,England,nation,2021-02-26,,11781.0,5670.0
E92000001,England,nation,2021-02-25,,12449.0,6620.0
E92000001,England,nation,2021-02-24,,13007.0,7307.0
E92000001,England,nation,2021-02-23,,13511.0,8148.0
E92000001,England,nation,2021-02-22,,14137.0,9857.0
E92000001,England,nation,2021-02-21,,14142.0,6800.0
E92000001,England,nation,2021-02-20,,14316.0,6897.0
E92000001,England,nation,2021-02-19,,15018.0,8884.0
E92000001,England,nation,2021-02-18,,15633.0,9912.0
E92000001,England,nation,2021-02-17,,16458.0,10027.0
E92000001,England,nation,2021-02-16,,17093.0,10816.0
E92000001,England,nation,2021-02-15,,17730.0,12469.0
E92000001,England,nation,2021-02-14,,17787.0,7535.0
E92000001,England,nation,2021-02-13,,17694.0,7743.0
E92000001,England,nation,2021-02-12,,19009.0,10574.0
E92000001,England,nation,2021-02-11,,19983.0,11229.0
E92000001,England,nation,2021-02-10,,20926.0,11847.0
E92000001,England,nation,2021-02-09,,22067.0,12246.0
E92000001,England,nation,2021-02-08,,23020.0,13854.0
E92000001,England,nation,2021-02-07,,22991.0,10160.0
E92000001,England,nation,2021-02-06,,23042.0,10590.0
E92000001,England,nation,2021-02-05,,24402.0,13981.0
E92000001,England,nation,2021-02-04,,25334.0,16158.0
E92000001,England,nation,2021-02-03,,26374.0,17410.0
E92000001,England,nation,2021-02-02,,27397.0,17662.0
E92000001,England,nation,2021-02-01,,28539.0,20111.0
E92000001,England,nation,2021-01-31,,28112.0,13710.0
E92000001,England,nation,2021-01-30,,28571.0,15003.0
E92000001,England,nation,2021-01-29,,29359.0,19689.0
E92000001,England,nation,2021-01-28,,30333.0,21847.0
E92000001,England,nation,2021-01-27,,30846.0,23238.0
E92000001,England,nation,2021-01-26,,32337.0,24433.0
E92000001,England,nation,2021-01-25,,32938.0,27111.0
E92000001,England,nation,2021-01-24,,32907.0,15454.0
E92000001,England,nation,2021-01-23,,32614.0,19875.0
E92000001,England,nation,2021-01-22,,33412.0,26916.0
E92000001,England,nation,2021-01-21,,33235.0,28753.0
E92000001,England,nation,2021-01-20,,33886.0,31749.0
E92000001,England,nation,2021-01-19,,34015.0,35965.0
E92000001,England,nation,2021-01-18,,34336.0,40718.0
E92000001,England,nation,2021-01-17,,33352.0,26209.0
E92000001,England,nation,2021-01-16,,32923.0,27652.0
E92000001,England,nation,2021-01-15,,33362.0,36784.0
E92000001,England,nation,2021-01-14,,32925.0,38534.0
E92000001,England,nation,2021-01-13,,32689.0,41162.0
E92000001,England,nation,2021-01-12,,32202.0,44681.0
E92000001,England,nation,2021-01-11,,32070.0,52023.0
E92000001,England,nation,2021-01-10,,30758.0,32860.0
E92000001,England,nation,2021-01-09,,29462.0,35448.0
E92000001,England,nation,2021-01-08,,29346.0,42335.0
E92000001,England,nation,2021-01-07,,28246.0,46856.0
E92000001,England,nation,2021-01-06,,27727.0,51317.0
E92000001,England,nation,2021-01-05,,26467.0,58040.0
E92000001,England,nation,2021-01-04,,26626.0,69111.0
E92000001,England,nation,2021-01-03,,24957.0,49510.0
E92000001,England,nation,2021-01-02,,23557.0,54174.0
E92000001,England,nation,2021-01-01,,22534.0,28223.0
E92000001,England,nation,2020-12-31,,22728.0,46696.0
E92000001,England,nation,2020-12-30,,22713.0,62878.0
E92000001,England,nation,2020-12-29,,21787.0,72502.0
E92000001,England,nation,2020-12-28,,20426.0,40039.0
E92000001,England,nation,2020-12-27,,19277.0,42436.0
E92000001,England,nation,2020-12-26,,18350.0,36710.0
E92000001,England,nation,2020-12-25,,17701.0,12673.0
E92000001,England,nation,2020-12-24,,18227.0,28694.0
E92000001,England,nation,2020-12-23,,17834.0,37610.0
E92000001,England,nation,2020-12-22,,18063.0,40898.0
E92000001,England,nation,2020-12-21,,17709.0,42597.0
E92000001,England,nation,2020-12-20,,16633.0,28937.0
E92000001,England,nation,2020-12-19,,16183.0,21740.0
E92000001,England,nation,2020-12-18,,15866.0,31834.0
E92000001,England,nation,2020-12-17,,15741.0,29608.0
E92000001,England,nation,2020-12-16,,15465.0,30123.0
E92000001,England,nation,2020-12-15,,15031.0,29091.0
E92000001,England,nation,2020-12-14,,15053.0,29508.0
E92000001,England,nation,2020-12-13,,14460.0,18126.0
E92000001,England,nation,2020-12-12,,13927.0,16031.0
E92000001,England,nation,2020-12-11,,13901.0,19866.0
E92000001,England,nation,2020-12-10,,13796.0,18542.0
E92000001,England,nation,2020-12-09,,13467.0,17459.0
E92000001,England,nation,2020-12-08,,13629.0,16669.0
E92000001,England,nation,2020-12-07,,13616.0,17393.0
E92000001,England,nation,2020-12-06,,13189.0,10870.0
E92000001,England,nation,2020-12-05,,12968.0,10139.0
E92000001,England,nation,2020-12-04,,12987.0,12881.0
E92000001,England,nation,2020-12-03,,12896.0,12524.0
E92000001,England,nation,2020-12-02,,13212.0,13466.0
E92000001,England,nation,2020-12-01,,13507.0,13522.0
E92000001,England,nation,2020-11-30,,13756.0,15026.0
E92000001,England,nation,2020-11-29,,13521.0,8902.0
E92000001,England,nation,2020-11-28,,13208.0,9205.0
E92000001,England,nation,2020-11-27,,13754.0,12267.0
E92000001,England,nation,2020-11-26,,13908.0,12274.0
E92000001,England,nation,2020-11-25,,14240.0,13931.0
E92000001,England,nation,2020-11-24,,14506.0,14028.0
E92000001,England,nation,2020-11-23,,14712.0,16204.0
E92000001,England,nation,2020-11-22,,14354.0,10038.0
E92000001,England,nation,2020-11-21,,14118.0,10618.0
E92000001,England,nation,2020-11-20,,14236.0,14678.0
E92000001,England,nation,2020-11-19,,14479.0,15498.0
E92000001,England,nation,2020-11-18,,14490.0,18210.0
E92000001,England,nation,2020-11-17,,14411.0,20318.0
E92000001,England,nation,2020-11-16,,14313.0,23720.0
E92000001,England,nation,2020-11-15,,13886.0,14209.0
E92000001,England,nation,2020-11-14,,13399.0,16032.0
E92000001,England,nation,2020-11-13,,13328.0,21648.0
E92000001,England,nation,2020-11-12,,12967.0,21955.0
E92000001,England,nation,2020-11-11,,12730.0,24635.0
E92000001,England,nation,2020-11-10,,12033.0,24469.0
E92000001,England,nation,2020-11-09,,12259.0,28100.0
E92000001,England,nation,2020-11-08,,11680.0,17963.0
E92000001,England,nation,2020-11-07,,11514.0,16620.0
E92000001,England,nation,2020-11-06,,11181.0,20828.0
E92000001,England,nation,2020-11-05,,10994.0,20871.0
E92000001,England,nation,2020-11-04,,11037.0,20690.0
E92000001,England,nation,2020-11-03,,10971.0,22309.0
E92000001,England,nation,2020-11-02,,10397.0,27932.0
E92000001,England,nation,2020-11-01,,9623.0,13370.0
E92000001,England,nation,2020-10-31,,9782.0,14342.0
E92000001,England,nation,2020-10-30,,9295.0,19644.0
E92000001,England,nation,2020-10-29,,9127.0,19960.0
E92000001,England,nation,2020-10-28,,9070.0,20231.0
E92000001,England,nation,2020-10-27,,8595.0,20482.0
E92000001,England,nation,2020-10-26,,7856.0,22756.0
E92000001,England,nation,2020-10-25,,7612.0,13163.0
E92000001,England,nation,2020-10-24,,7176.0,13520.0
E92000001,England,nation,2020-10-23,,6842.0,18101.0
E92000001,England,nation,2020-10-22,,6345.0,19610.0
E92000001,England,nation,2020-10-21,,6271.0,21484.0
E92000001,England,nation,2020-10-20,,6072.0,21325.0
E92000001,England,nation,2020-10-19,,5644.0,22103.0
E92000001,England,nation,2020-10-18,,5202.0,11855.0
E92000001,England,nation,2020-10-17,,5029.0,12351.0
E92000001,England,nation,2020-10-16,,4854.0,14547.0
E92000001,England,nation,2020-10-15,,4569.0,15235.0
E92000001,England,nation,2020-10-14,,4313.0,16434.0
E92000001,England,nation,2020-10-13,,4105.0,15435.0
E92000001,England,nation,2020-10-12,,3827.0,16198.0
E92000001,England,nation,2020-10-11,,3604.0,9653.0
E92000001,England,nation,2020-10-10,,3369.0,10151.0
E92000001,England,nation,2020-10-09,,3238.0,13011.0
E92000001,England,nation,2020-10-08,,3179.0,15263.0
E92000001,England,nation,2020-10-07,,3066.0,15185.0
E92000001,England,nation,2020-10-06,,2903.0,14288.0
E92000001,England,nation,2020-10-05,,2705.0,14036.0
E92000001,England,nation,2020-10-04,,2435.0,9831.0
E92000001,England,nation,2020-10-03,,2290.0,9699.0
E92000001,England,nation,2020-10-02,,2180.0,11574.0
E92000001,England,nation,2020-10-01,,2069.0,11305.0
E92000001,England,nation,2020-09-30,,2036.0,10522.0
E92000001,England,nation,2020-09-29,,1954.0,8716.0
E92000001,England,nation,2020-09-28,,1955.0,8573.0
E92000001,England,nation,2020-09-27,,1793.0,6025.0
E92000001,England,nation,2020-09-26,,1689.0,5647.0
E92000001,England,nation,2020-09-25,,1686.0,6029.0
E92000001,England,nation,2020-09-24,,1546.0,6293.0
E92000001,England,nation,2020-09-23,,1439.0,5884.0
E92000001,England,nation,2020-09-22,,1378.0,5353.0
E92000001,England,nation,2020-09-21,,1299.0,4695.0
E92000001,England,nation,2020-09-20,,1174.0,4625.0
E92000001,England,nation,2020-09-19,,1081.0,4174.0
E92000001,England,nation,2020-09-18,,1020.0,4271.0
E92000001,England,nation,2020-09-17,,984.0,3941.0
E92000001,England,nation,2020-09-16,,929.0,3742.0
E92000001,England,nation,2020-09-15,,891.0,3040.0
E92000001,England,nation,2020-09-14,,812.0,2892.0
E92000001,England,nation,2020-09-13,,691.0,1708.0
E92000001,England,nation,2020-09-12,,663.0,2205.0
E92000001,England,nation,2020-09-11,,622.0,2858.0
E92000001,England,nation,2020-09-10,,572.0,3099.0
E92000001,England,nation,2020-09-09,,557.0,2849.0
E92000001,England,nation,2020-09-08,,535.0,3001.0
E92000001,England,nation,2020-09-07,,555.0,3460.0
E92000001,England,nation,2020-09-06,,483.0,2056.0
E92000001,England,nation,2020-09-05,,471.0,2189.0
E92000001,England,nation,2020-09-04,,474.0,2590.0
E92000001,England,nation,2020-09-03,,468.0,2661.0
E92000001,England,nation,2020-09-02,,451.0,2618.0
E92000001,England,nation,2020-09-01,,496.0,1927.0
E92000001,England,nation,2020-08-31,,495.0,1260.0
E92000001,England,nation,2020-08-30,,479.0,975.0
E92000001,England,nation,2020-08-29,,478.0,1040.0
E92000001,England,nation,2020-08-28,,469.0,1384.0
E92000001,England,nation,2020-08-27,,492.0,1326.0
E92000001,England,nation,2020-08-26,,485.0,1135.0
E92000001,England,nation,2020-08-25,,500.0,1062.0
E92000001,England,nation,2020-08-24,,522.0,1132.0
E92000001,England,nation,2020-08-23,,522.0,697.0
E92000001,England,nation,2020-08-22,,594.0,715.0
E92000001,England,nation,2020-08-21,,528.0,1007.0
E92000001,England,nation,2020-08-20,,551.0,1218.0
E92000001,England,nation,2020-08-19,,571.0,1074.0
E92000001,England,nation,2020-08-18,,597.0,924.0
E92000001,England,nation,2020-08-17,,626.0,1135.0
E92000001,England,nation,2020-08-16,,634.0,530.0
E92000001,England,nation,2020-08-15,,630.0,643.0
E92000001,England,nation,2020-08-14,,642.0,1037.0
E92000001,England,nation,2020-08-13,,652.0,1021.0
E92000001,England,nation,2020-08-12,,642.0,1095.0
E92000001,England,nation,2020-08-11,,672.0,1213.0
E92000001,England,nation,2020-08-10,,714.0,1348.0
E92000001,England,nation,2020-08-09,,611.0,555.0
E92000001,England,nation,2020-08-08,,650.0,637.0
E92000001,England,nation,2020-08-07,,711.0,865.0
E92000001,England,nation,2020-08-06,,756.0,981.0
E92000001,England,nation,2020-08-05,,805.0,942.0
E92000001,England,nation,2020-08-04,,807.0,920.0
E92000001,England,nation,2020-08-03,,842.0,936.0
E92000001,England,nation,2020-08-02,,847.0,512.0
E92000001,England,nation,2020-08-01,,879.0,494.0
E92000001,England,nation,2020-07-31,,870.0,626.0
E92000001,England,nation,2020-07-30,,898.0,856.0
E92000001,England,nation,2020-07-29,,927.0,972.0
E92000001,England,nation,2020-07-28,,944.0,778.0
E92000001,England,nation,2020-07-27,,945.0,808.0
E92000001,England,nation,2020-07-26,,965.0,515.0
E92000001,England,nation,2020-07-25,,977.0,492.0
E92000001,England,nation,2020-07-24,,1018.0,718.0
E92000001,England,nation,2020-07-23,,1095.0,728.0
E92000001,England,nation,2020-07-22,,1305.0,746.0
E92000001,England,nation,2020-07-21,,1188.0,688.0
E92000001,England,nation,2020-07-20,,1278.0,753.0
E92000001,England,nation,2020-07-19,,1301.0,414.0
E92000001,England,nation,2020-07-18,,1321.0,467.0
E92000001,England,nation,2020-07-17,,1346.0,548.0
E92000001,England,nation,2020-07-16,,1348.0,641.0
E92000001,England,nation,2020-07-15,,1489.0,725.0
E92000001,England,nation,2020-07-14,,1506.0,650.0
E92000001,England,nation,2020-07-13,,1612.0,689.0
E92000001,England,nation,2020-07-12,,1611.0,353.0
E92000001,England,nation,2020-07-11,,1640.0,421.0
E92000001,England,nation,2020-07-10,,1746.0,521.0
E92000001,England,nation,2020-07-09,,1801.0,683.0
E92000001,England,nation,2020-07-08,,1888.0,672.0
E92000001,England,nation,2020-07-07,,2010.0,559.0
E92000001,England,nation,2020-07-06,,2099.0,653.0
E92000001,England,nation,2020-07-05,,2100.0,540.0
E92000001,England,nation,2020-07-04,,2152.0,388.0
E92000001,England,nation,2020-07-03,,2294.0,541.0
E92000001,England,nation,2020-07-02,,2410.0,564.0
E92000001,England,nation,2020-07-01,,2509.0,616.0
E92000001,England,nation,2020-06-30,,2665.0,572.0
E92000001,England,nation,2020-06-29,,3024.0,667.0
E92000001,England,nation,2020-06-28,,2818.0,410.0
E92000001,England,nation,2020-06-27,,2819.0,504.0
E92000001,England,nation,2020-06-26,,2859.0,640.0
E92000001,England,nation,2020-06-25,,3066.0,637.0
E92000001,England,nation,2020-06-24,,3223.0,726.0
E92000001,England,nation,2020-06-23,,3288.0,729.0
E92000001,England,nation,2020-06-22,,3417.0,814.0
E92000001,England,nation,2020-06-21,,3373.0,549.0
E92000001,England,nation,2020-06-20,,3423.0,628.0
E92000001,England,nation,2020-06-19,,3575.0,821.0
E92000001,England,nation,2020-06-18,,3681.0,943.0
E92000001,England,nation,2020-06-17,,3826.0,910.0
E92000001,England,nation,2020-06-16,,3934.0,993.0
E92000001,England,nation,2020-06-15,,3920.0,936.0
E92000001,England,nation,2020-06-14,,3973.0,744.0
E92000001,England,nation,2020-06-13,,4000.0,788.0
E92000001,England,nation,2020-06-12,,4136.0,942.0
E92000001,England,nation,2020-06-11,,4179.0,911.0
E92000001,England,nation,2020-06-10,,4447.0,1078.0
E92000001,England,nation,2020-06-09,,4665.0,1054.0
E92000001,England,nation,2020-06-08,,4830.0,989.0
E92000001,England,nation,2020-06-07,,4820.0,666.0
E92000001,England,nation,2020-06-06,,5004.0,727.0
E92000001,England,nation,2020-06-05,,5213.0,1022.0
E92000001,England,nation,2020-06-04,,5398.0,1145.0
E92000001,England,nation,2020-06-03,,5600.0,1238.0
E92000001,England,nation,2020-06-02,,5827.0,1348.0
E92000001,England,nation,2020-06-01,,5954.0,1312.0
E92000001,England,nation,2020-05-31,,5933.0,988.0
E92000001,England,nation,2020-05-30,,5972.0,996.0
E92000001,England,nation,2020-05-29,,6250.0,1371.0
E92000001,England,nation,2020-05-28,,6528.0,1572.0
E92000001,England,nation,2020-05-27,,6836.0,1609.0
E92000001,England,nation,2020-05-26,,7305.0,1451.0
E92000001,England,nation,2020-05-25,,7448.0,1376.0
E92000001,England,nation,2020-05-24,,7415.0,1200.0
E92000001,England,nation,2020-05-23,,7428.0,1301.0
E92000001,England,nation,2020-05-22,,7761.0,1792.0
E92000001,England,nation,2020-05-21,,7903.0,2266.0
E92000001,England,nation,2020-05-20,,8115.0,2342.0
E92000001,England,nation,2020-05-19,,8518.0,2581.0
E92000001,England,nation,2020-05-18,,8668.0,2207.0
E92000001,England,nation,2020-05-17,,8611.0,1588.0
E92000001,England,nation,2020-05-16,,8643.0,1768.0
E92000001,England,nation,2020-05-15,,9079.0,2129.0
E92000001,England,nation,2020-05-14,,9231.0,2208.0
E92000001,England,nation,2020-05-13,,9602.0,2884.0
E92000001,England,nation,2020-05-12,,9791.0,2918.0
E92000001,England,nation,2020-05-11,,10109.0,3056.0
E92000001,England,nation,2020-05-10,,9893.0,2001.0
E92000001,England,nation,2020-05-09,,10176.0,1793.0
E92000001,England,nation,2020-05-08,,10249.0,2619.0
E92000001,England,nation,2020-05-07,,10726.0,3203.0
E92000001,England,nation,2020-05-06,,11227.0,3259.0
E92000001,England,nation,2020-05-05,,11754.0,3135.0
E92000001,England,nation,2020-05-04,,12020.0,2842.0
E92000001,England,nation,2020-05-03,,12119.0,2632.0
E92000001,England,nation,2020-05-02,,12314.0,2742.0
E92000001,England,nation,2020-05-01,,12623.0,4084.0
E92000001,England,nation,2020-04-30,,12922.0,4304.0
E92000001,England,nation,2020-04-29,,13224.0,4724.0
E92000001,England,nation,2020-04-28,,13565.0,4105.0
E92000001,England,nation,2020-04-27,,14255.0,4022.0
E92000001,England,nation,2020-04-26,,14174.0,3133.0
E92000001,England,nation,2020-04-25,,14202.0,3369.0
E92000001,England,nation,2020-04-24,,14642.0,4345.0
E92000001,England,nation,2020-04-23,,15402.0,4556.0
E92000001,England,nation,2020-04-22,,16018.0,4796.0
E92000001,England,nation,2020-04-21,,16517.0,3976.0
E92000001,England,nation,2020-04-20,,16654.0,3671.0
E92000001,England,nation,2020-04-19,,16928.0,3468.0
E92000001,England,nation,2020-04-18,,16850.0,4102.0
E92000001,England,nation,2020-04-17,,16728.0,4060.0
E92000001,England,nation,2020-04-16,,17783.0,4344.0
E92000001,England,nation,2020-04-15,,17934.0,4215.0
E92000001,England,nation,2020-04-14,,18552.0,3538.0
E92000001,England,nation,2020-04-13,,18621.0,3427.0
E92000001,England,nation,2020-04-12,,18974.0,2937.0
E92000001,England,nation,2020-04-11,,18604.0,3058.0
E92000001,England,nation,2020-04-10,,18669.0,3579.0
E92000001,England,nation,2020-04-09,,18423.0,4053.0
E92000001,England,nation,2020-04-08,,18152.0,4285.0
E92000001,England,nation,2020-04-07,,17814.0,4563.0
E92000001,England,nation,2020-04-06,,17154.0,4366.0
E92000001,England,nation,2020-04-05,,16657.0,3074.0
E92000001,England,nation,2020-04-04,,15469.0,3376.0
E92000001,England,nation,2020-04-03,,13635.0,4079.0
E92000001,England,nation,2020-04-02,,12135.0,4062.0
E92000001,England,nation,2020-04-01,,12059.0,4117.0
E92000001,England,nation,2020-03-31,,11154.0,3780.0
E92000001,England,nation,2020-03-30,,9852.0,3514.0
E92000001,England,nation,2020-03-29,,8424.0,2435.0
E92000001,England,nation,2020-03-28,,7269.0,2368.0
E92000001,England,nation,2020-03-27,,6462.0,2649.0
E92000001,England,nation,2020-03-26,,5226.0,2604.0
E92000001,England,nation,2020-03-25,,4402.0,2258.0
E92000001,England,nation,2020-03-24,,3598.0,2026.0
E92000001,England,nation,2020-03-23,,3183.0,2010.0
E92000001,England,nation,2020-03-22,,2670.0,1206.0
E92000001,England,nation,2020-03-21,,2152.0,1027.0
E92000001,England,nation,2020-03-20,,1580.0,1084.0
E92000001,England,nation,2020-03-19,,,927.0
E92000001,England,nation,2020-03-18,,,908.0
E92000001,England,nation,2020-03-17,,,680.0
E92000001,England,nation,2020-03-16,,,543.0
E92000001,England,nation,2020-03-15,,,396.0
E92000001,England,nation,2020-03-14,,,315.0
E92000001,England,nation,2020-03-13,,,392.0
E92000001,England,nation,2020-03-12,,,415.0
E92000001,England,nation,2020-03-11,,,351.0
E92000001,England,nation,2020-03-10,,,228.0
E92000001,England,nation,2020-03-09,,,125.0
E92000001,England,nation,2020-03-08,,,50.0
E92000001,England,nation,2020-03-07,,,55.0
E92000001,England,nation,2020-03-06,,,73.0
E92000001,England,nation,2020-03-05,,,46.0
E92000001,England,nation,2020-03-04,,,49.0
E92000001,England,nation,2020-03-03,,,54.0
E92000001,England,nation,2020-03-02,,,38.0
E92000001,England,nation,2020-03-01,,,20.0
E92000001,England,nation,2020-02-29,,,5.0
E92000001,England,nation,2020-02-28,,,11.0
E92000001,England,nation,2020-02-27,,,7.0
E92000001,England,nation,2020-02-26,,,4.0
E92000001,England,nation,2020-02-25,,,5.0
E92000001,England,nation,2020-02-24,,,2.0
E92000001,England,nation,2020-02-23,,,1.0
E92000001,England,nation,2020-02-22,,,0.0
E92000001,England,nation,2020-02-21,,,1.0
E92000001,England,nation,2020-02-20,,,0.0
E92000001,England,nation,2020-02-19,,,0.0
E92000001,England,nation,2020-02-18,,,0.0
E92000001,England,nation,2020-02-17,,,0.0
E92000001,England,nation,2020-02-16,,,0.0
E92000001,England,nation,2020-02-15,,,0.0
E92000001,England,nation,2020-02-14,,,0.0
E92000001,England,nation,2020-02-13,,,0.0
E92000001,England,nation,2020-02-12,,,0.0
E92000001,England,nation,2020-02-11,,,1.0
E92000001,England,nation,2020-02-10,,,0.0
E92000001,England,nation,2020-02-09,,,1.0
E92000001,England,nation,2020-02-08,,,4.0
E92000001,England,nation,2020-02-07,,,0.0
E92000001,England,nation,2020-02-06,,,0.0
E92000001,England,nation,2020-02-05,,,1.0
E92000001,England,nation,2020-02-04,,,0.0
E92000001,England,nation,2020-02-03,,,0.0
E92000001,England,nation,2020-02-02,,,0.0
E92000001,England,nation,2020-02-01,,,0.0
E92000001,England,nation,2020-01-31,,,0.0
E92000001,England,nation,2020-01-30,,,2.0
